"","comb","piT","piS.ave","Fst"
"1","f1 f2",0.0057553811674733,0.0058152903284133,-0.0104092429670134
"2","f1 f3",0.00590396715401395,0.00579282865885229,0.018824375587202
"3","f1 f4",0.00568989088120034,0.00534416990352549,0.0607605637600415
"4","f2 f3",0.00530784589647969,0.00526666130145915,0.00775919192526825
"5","f2 f4",0.0050030759199428,0.00481800254613235,0.0369919179264761
"6","f3 f4",0.00501378784475519,0.00479554087657134,0.0435293584295065
