"","comb","piT","piS.ave","Fst"
"1","h1 h2",0.00453294134116337,0.00453471513004656,-0.000391310795727106
"2","h1 h3",0.00449510413442136,0.00447748700080403,0.00391918253515639
"3","h1 h4",0.00487219527846977,0.0047286413453996,0.0294639120284315
"4","h2 h3",0.0044875655347333,0.00447612945389237,0.00254839305463387
"5","h2 h4",0.00482526972411878,0.00472728379848795,0.020306828681733
"6","h3 h4",0.00482315037880105,0.00467005566924541,0.0317416413613254
