"","comb","piT","piS.ave","Fst"
"1","g1 g2",0.00466045680719956,0.00453699900137164,0.0264904945878271
