"","comb","piT","piS.ave","Fst"
"1","k1 k2",0.00450872708674428,0.004474080358787,0.00768437017604057
"2","k1 k3",0.00436414887002527,0.00438801657407416,-0.00546903984252757
"3","k2 k3",0.00471638212088186,0.00469296569312283,0.00496491318109129
