"","comb","piT","piS.ave","Fst"
"1","j1 j2",0.00445954913080867,0.00436345387507067,0.0215481998110819
"2","j1 j3",0.00443031662275617,0.00433945822418824,0.0205083307367326
"3","j2 j3",0.0047751367275301,0.00477808751621127,-0.000617948521589582
