"","comb","piT","piS.ave","Fst"
"1","e1 e2",0.00572121149303044,0.00576528796240753,-0.00770404475184764
"2","e1 e3",0.00550915324726856,0.00551674786628593,-0.00137854560882603
"3","e1 e4",0.00587569975770715,0.00589249111738011,-0.00285776339251112
"4","e2 e3",0.00516569314924722,0.00514224532783353,0.00453914329330748
"5","e2 e4",0.00553028452476607,0.00551798857892771,0.00222338394766042
"6","e3 e4",0.00526952996748557,0.00526944848280611,1.54633676934266e-05
